AgeGroup,TotalPatients,RepeatPatients,WeightedAgeScore
0-19,9848,358,3.6352558895207148
20-29,24397,850,3.4840349223265155
30-39,24542,900,3.6671827886887784
40-49,24571,913,3.7157624842293760
50-59,24334,837,3.4396317909098380
60-69,24113,876,3.6328951188155766
70+,68195,2460,3.6073025881662878
