State,Repeats,TotalStudyEvents,WeightedAverage
FL,286,19338,1.4789533560864619
IL,289,19444,1.4863196873071384
MI,1094,38765,2.8221333677286212
IN,1097,38348,2.8606446229268802
OH,4428,77848,5.6880073990340150
