State,TotalStudyEvents,WeightedPercentage
IL,19444,14.8066241514091751
OH,77848,14.8121981296886240
IN,38348,14.8169396057160739
UNK,201,22.8855721393034826
FL,19338,32.8265591064225877
MI,38765,32.8930736489100993
