AgeGroup,ErEvents,TotalEvents,ErPercentage
0-19,1920,9553,20.0983984088767926
20-29,4789,23548,20.3371836249363003
30-39,4805,23932,20.0777202072538860
40-49,4869,23808,20.4511088709677419
50-59,4759,23595,20.1695274422547150
60-69,4694,23378,20.0787064761741809
70+,13401,66130,20.2646302737033117
