State,AverageCommunityCost,AverageHospitalCost,CommunitySavings
IN,3949.13502910655530245507,4226.63973500887856850157,-6.5656
IL,3927.29520220026484669450,4205.09899241716007063467,-6.6064
MI,3917.20340917738376074880,3952.10595535435529191383,-0.8831
UNK,3778.53703703703703703703,3755.75268817204301075268,0.6067
OH,3951.47423700212388350644,3927.91699059272718908848,0.5997
FL,3951.34147527038522299185,4232.35700783148798271671,-6.6397
